{
  "__comment": [
    "Mobs will be able to equip items declared here",
    "The first number is the weight while the second number is the quality",
    "Weight is the weight of an item. Higher weight means that the item is more likely to get choosen",
    "Quality is a modifier applied to the weight. The final weight used is weight + quality * current difficulty"
  ],
  "MAINHAND": {
    "alexsmobs:skelewag_sword": [
      9033,
      0.7804518
    ],
    "alexsmobs:tendon_whip": [
      9330,
      0.0469
    ],
    "aquaculture:diamond_fillet_knife": [
      7801,
      2.3810277
    ],
    "aquaculture:gold_fillet_knife": [
      9759,
      0.0039999997
    ],
    "aquaculture:iron_fillet_knife": [
      9477,
      0.0322
    ],
    "aquaculture:neptunium_axe": [
      6576,
      5.9057183
    ],
    "aquaculture:neptunium_bow": [
      2999,
      13.389866
    ],
    "aquaculture:neptunium_fillet_knife": [
      9790,
      8.999999E-4
    ],
    "aquaculture:neptunium_sword": [
      6642,
      5.767269
    ],
    "aquaculture:stone_fillet_knife": [
      9631,
      0.0168
    ],
    "aquaculture:wooden_fillet_knife": [
      9725,
      0.0074
    ],
    "dark_souls_expansion:bandit_knife": [
      9755,
      0.0044
    ],
    "dark_souls_expansion:battle_axe": [
      9610,
      0.0189
    ],
    "dark_souls_expansion:black_knight_sword": [
      9563,
      0.023599999
    ],
    "dark_souls_expansion:broadsword": [
      9647,
      0.015199999
    ],
    "dark_souls_expansion:broadsword_electric": [
      9563,
      0.023599999
    ],
    "dark_souls_expansion:broadsword_fire": [
      9590,
      0.020899998
    ],
    "dark_souls_expansion:broadsword_poison": [
      9647,
      0.015199999
    ],
    "dark_souls_expansion:broken_straight_sword": [
      9772,
      0.0026999998
    ],
    "dark_souls_expansion:butcher_knife": [
      9647,
      0.015199999
    ],
    "dark_souls_expansion:club": [
      9664,
      0.0135
    ],
    "dark_souls_expansion:dagger": [
      9764,
      0.0034999999
    ],
    "dark_souls_expansion:ghost_blade": [
      9709,
      0.009
    ],
    "dark_souls_expansion:greataxe": [
      9610,
      0.0189
    ],
    "dark_souls_expansion:greatsword": [
      9548,
      0.0251
    ],
    "dark_souls_expansion:halberd": [
      9563,
      0.023599999
    ],
    "dark_souls_expansion:mace": [
      9709,
      0.009
    ],
    "dark_souls_expansion:parrying_dagger": [
      9772,
      0.0026999998
    ],
    "dark_souls_expansion:ricard_rapier": [
      9680,
      0.011899999
    ],
    "dark_souls_expansion:scimitar": [
      9695,
      0.010399999
    ],
    "dark_souls_expansion:serpent_man_greatsword": [
      9563,
      0.023599999
    ],
    "dark_souls_expansion:shortsword": [
      9680,
      0.011899999
    ],
    "dark_souls_expansion:shortsword_spectre": [
      9680,
      0.011899999
    ],
    "dark_souls_expansion:uchigatana": [
      9695,
      0.010399999
    ],
    "dark_souls_expansion:zweihander": [
      9559,
      0.023999998
    ],
    "deeperdarker:resonarium_axe": [
      7619,
      3.5768492
    ],
    "deeperdarker:resonarium_sword": [
      7681,
      3.385685
    ],
    "deeperdarker:warden_axe": [
      5287,
      8.592401
    ],
    "deeperdarker:warden_sword": [
      5365,
      8.429875
    ],
    "doggytalents:sussy_sickle": [
      9309,
      0.049
    ],
    "dreadsteel:dreadsteel_scythe": [
      9680,
      0.011899999
    ],
    "good_nights_sleep:candy_axe": [
      9314,
      0.048499998
    ],
    "good_nights_sleep:candy_sword": [
      9422,
      0.037699997
    ],
    "good_nights_sleep:necrum_axe": [
      9388,
      0.0411
    ],
    "good_nights_sleep:necrum_sword": [
      9512,
      0.028699998
    ],
    "good_nights_sleep:negatite_axe": [
      7777,
      2.8926027
    ],
    "good_nights_sleep:negatite_sword": [
      7810,
      2.369104
    ],
    "good_nights_sleep:positite_axe": [
      5668,
      7.7988963
    ],
    "good_nights_sleep:positite_sword": [
      5730,
      7.6698327
    ],
    "good_nights_sleep:spectrite_axe": [
      9010,
      0.810429
    ],
    "good_nights_sleep:spectrite_sword": [
      9097,
      0.6959233
    ],
    "good_nights_sleep:zitrite_axe": [
      7972,
      2.155101
    ],
    "good_nights_sleep:zitrite_sword": [
      8065,
      2.0328007
    ],
    "majruszsdifficulty:enderium_axe": [
      5931,
      7.2514286
    ],
    "majruszsdifficulty:enderium_sword": [
      5978,
      7.15358
    ],
    "majruszsdifficulty:wither_sword": [
      9097,
      0.6959233
    ],
    "meetyourfight:cocktail_cutlass": [
      4324,
      10.603957
    ],
    "meetyourfight:depth_star": [
      8432,
      1.5543076
    ],
    "meetyourfight:twilights_thorn": [
      3026,
      13.332878
    ],
    "minecraft:bow": [
      7231,
      4.508568
    ],
    "minecraft:crossbow": [
      7525,
      3.826627
    ],
    "minecraft:diamond_axe": [
      6994,
      5.022479
    ],
    "minecraft:diamond_sword": [
      7056,
      4.889481
    ],
    "minecraft:enchanted_book": [
      8199,
      1.8573177
    ],
    "minecraft:golden_axe": [
      9655,
      0.014399999
    ],
    "minecraft:golden_sword": [
      9718,
      0.0081
    ],
    "minecraft:iron_axe": [
      9222,
      0.51635593
    ],
    "minecraft:iron_sword": [
      9309,
      0.049
    ],
    "minecraft:lingering_potion{Potion:\"minecraft:harming\"}": [
      8299,
      1.7269388
    ],
    "minecraft:netherite_axe": [
      6158,
      6.778693
    ],
    "minecraft:netherite_sword": [
      6228,
      6.632802
    ],
    "minecraft:snowball": [
      9249,
      0.46844563
    ],
    "minecraft:splash_potion{Potion:\"minecraft:harming\"}": [
      8299,
      1.7269388
    ],
    "minecraft:stone_axe": [
      9425,
      0.0374
    ],
    "minecraft:stone_sword": [
      9533,
      0.026599998
    ],
    "minecraft:tnt": [
      8099,
      1.9881918
    ],
    "minecraft:trident": [
      7299,
      4.357304
    ],
    "minecraft:wooden_axe": [
      9609,
      0.019
    ],
    "minecraft:wooden_sword": [
      9672,
      0.0127
    ],
    "mowziesmobs:blowgun": [
      7399,
      4.129458
    ],
    "mowziesmobs:wrought_axe": [
      9222,
      0.51635593
    ],
    "pickletweaks:diamond_scythe": [
      7027,
      4.951788
    ],
    "pickletweaks:emerald_axe": [
      7319,
      4.312321
    ],
    "pickletweaks:emerald_scythe": [
      7397,
      4.1340966
    ],
    "pickletweaks:emerald_sword": [
      7430,
      4.057008
    ],
    "pickletweaks:flint_axe": [
      9390,
      0.040899996
    ],
    "pickletweaks:flint_scythe": [
      9450,
      0.0349
    ],
    "pickletweaks:flint_sword": [
      9474,
      0.0325
    ],
    "pickletweaks:golden_scythe": [
      9701,
      0.009799999
    ],
    "pickletweaks:iron_scythe": [
      9284,
      0.37663084
    ],
    "pickletweaks:netherite_scythe": [
      6195,
      6.701589
    ],
    "pickletweaks:stone_scythe": [
      9512,
      0.028699998
    ],
    "pickletweaks:wooden_scythe": [
      9655,
      0.014399999
    ],
    "rats:feral_bagh_nakhs": [
      8859,
      1.0050428
    ],
    "rats:ghost_pirat_cutlass": [
      9137,
      0.6416611
    ],
    "rats:pirat_cutlass": [
      9185,
      0.57356006
    ],
    "rats:plague_scythe": [
      7060,
      4.8808722
    ],
    "rats:ratlantis_axe": [
      3603,
      12.117205
    ],
    "rats:ratlantis_bow": [
      4999,
      9.192951
    ],
    "rats:ratlantis_sword": [
      3619,
      12.083552
    ],
    "refurbished_furniture:knife": [
      9299,
      0.049999997
    ],
    "refurbished_furniture:spatula": [
      9337,
      0.046199996
    ],
    "stalwart_dungeons:awful_dagger": [
      6929,
      5.16115
    ],
    "stalwart_dungeons:chorundum_axe": [
      6134,
      6.8286967
    ],
    "stalwart_dungeons:chorundum_sword": [
      6212,
      6.666156
    ],
    "stalwart_dungeons:tungsten_axe": [
      8354,
      1.6554433
    ],
    "stalwart_dungeons:tungsten_sword": [
      8405,
      1.589282
    ],
    "tflostblocks:incomplete_thorncutter_axe": [
      9222,
      0.51635593
    ],
    "tflostblocks:thorncutter_axe": [
      6994,
      5.022479
    ],
    "tropicraft:eudialyte_axe": [
      8405,
      1.589282
    ],
    "tropicraft:eudialyte_sword": [
      8459,
      1.5193686
    ],
    "tropicraft:zircon_axe": [
      9369,
      0.042999998
    ],
    "tropicraft:zircon_sword": [
      9415,
      0.038399998
    ],
    "tropicraft:zirconium_axe": [
      6587,
      5.882661
    ],
    "tropicraft:zirconium_sword": [
      6649,
      5.7525697
    ],
    "twilightforest:diamond_minotaur_axe": [
      6957,
      5.1015
    ],
    "twilightforest:ender_bow": [
      7231,
      4.508568
    ],
    "twilightforest:fiery_sword": [
      7940,
      2.1972775
    ],
    "twilightforest:giant_sword": [
      7823,
      2.3518867
    ],
    "twilightforest:glass_sword": [
      8760,
      1.1319785
    ],
    "twilightforest:gold_minotaur_axe": [
      9655,
      0.014399999
    ],
    "twilightforest:ice_bow": [
      7231,
      4.508568
    ],
    "twilightforest:ice_sword": [
      9641,
      0.0158
    ],
    "twilightforest:ironwood_axe": [
      8777,
      1.1101819
    ],
    "twilightforest:ironwood_sword": [
      8864,
      0.9986282
    ],
    "twilightforest:knightmetal_axe": [
      8740,
      1.1576267
    ],
    "twilightforest:knightmetal_sword": [
      8839,
      1.030694
    ],
    "twilightforest:seeker_bow": [
      7231,
      4.508568
    ],
    "twilightforest:steeleaf_axe": [
      9388,
      0.0411
    ],
    "twilightforest:steeleaf_sword": [
      9487,
      0.031199997
    ],
    "twilightforest:triple_bow": [
      7231,
      4.508568
    ],
    "undergarden:cloggrum_axe": [
      9161,
      0.6081686
    ],
    "undergarden:cloggrum_battleaxe": [
      8111,
      1.9724612
    ],
    "undergarden:cloggrum_sword": [
      9223,
      0.51470804
    ],
    "undergarden:forgotten_axe": [
      6458,
      6.152712
    ],
    "undergarden:forgotten_battleaxe": [
      2,
      19.766527
    ],
    "undergarden:forgotten_sword": [
      6520,
      6.0230126
    ],
    "undergarden:froststeel_axe": [
      8670,
      1.2474661
    ],
    "undergarden:froststeel_sword": [
      8757,
      1.1358255
    ],
    "undergarden:utherium_axe": [
      7455,
      3.9977505
    ],
    "undergarden:utherium_sword": [
      7521,
      3.8366594
    ]
  },
  "OFFHAND": {
    "dreadsteel:dreadsteel_shield": [
      9071,
      0.75949734
    ],
    "minecraft:ender_pearl": [
      8721,
      1.2102311
    ],
    "minecraft:flint_and_steel": [
      8693,
      1.2461817
    ],
    "minecraft:lava_bucket": [
      8321,
      1.7269388
    ],
    "minecraft:shield": [
      8399,
      1.6255897
    ],
    "spartanshields:advanced_mekanists_basic_shield": [
      9071,
      0.75949734
    ],
    "spartanshields:advanced_mekanists_tower_shield": [
      9071,
      0.75949734
    ],
    "spartanshields:aluminum_basic_shield": [
      7631,
      3.6050973
    ],
    "spartanshields:aluminum_tower_shield": [
      7271,
      4.4687543
    ],
    "spartanshields:basic_mekanists_basic_shield": [
      9071,
      0.75949734
    ],
    "spartanshields:basic_mekanists_tower_shield": [
      9071,
      0.75949734
    ],
    "spartanshields:bronze_basic_shield": [
      7711,
      3.3580837
    ],
    "spartanshields:bronze_tower_shield": [
      7371,
      4.2443447
    ],
    "spartanshields:constantan_basic_shield": [
      7791,
      2.9670084
    ],
    "spartanshields:constantan_tower_shield": [
      7471,
      4.012047
    ],
    "spartanshields:copper_basic_shield": [
      8271,
      1.792066
    ],
    "spartanshields:copper_tower_shield": [
      8071,
      2.053812
    ],
    "spartanshields:dark_steel_riot_basic_shield": [
      9071,
      0.75949734
    ],
    "spartanshields:dark_steel_riot_tower_shield": [
      9071,
      0.75949734
    ],
    "spartanshields:diamond_basic_shield": [
      3951,
      11.432186
    ],
    "spartanshields:diamond_tower_shield": [
      2671,
      14.129373
    ],
    "spartanshields:electrum_basic_shield": [
      8431,
      1.5840985
    ],
    "spartanshields:electrum_tower_shield": [
      8271,
      1.792066
    ],
    "spartanshields:elementium_basic_shield": [
      6911,
      5.2461634
    ],
    "spartanshields:elementium_tower_shield": [
      6371,
      6.3804045
    ],
    "spartanshields:elite_mekanists_basic_shield": [
      9071,
      0.75949734
    ],
    "spartanshields:elite_mekanists_tower_shield": [
      9071,
      0.75949734
    ],
    "spartanshields:enderium_basic_shield": [
      2831,
      13.79113
    ],
    "spartanshields:enderium_tower_shield": [
      1271,
      17.101562
    ],
    "spartanshields:golden_basic_shield": [
      8687,
      1.2538887
    ],
    "spartanshields:golden_tower_shield": [
      8591,
      1.3773804
    ],
    "spartanshields:invar_basic_shield": [
      7631,
      3.6050973
    ],
    "spartanshields:invar_tower_shield": [
      7271,
      4.4687543
    ],
    "spartanshields:iron_basic_shield": [
      7995,
      2.1537838
    ],
    "spartanshields:iron_tower_shield": [
      7727,
      3.2997048
    ],
    "spartanshields:lapis_lazuli_basic_shield": [
      8471,
      1.5323049
    ],
    "spartanshields:lead_basic_shield": [
      8111,
      2.0013063
    ],
    "spartanshields:lead_tower_shield": [
      7871,
      2.3174753
    ],
    "spartanshields:lumium_basic_shield": [
      6511,
      6.087881
    ],
    "spartanshields:lumium_tower_shield": [
      5871,
      7.422126
    ],
    "spartanshields:manasteel_basic_shield": [
      8171,
      1.9226934
    ],
    "spartanshields:manasteel_tower_shield": [
      7947,
      2.217064
    ],
    "spartanshields:netherite_basic_shield": [
      1963,
      15.629697
    ],
    "spartanshields:netherite_tower_shield": [
      187,
      19.417303
    ],
    "spartanshields:nickel_basic_shield": [
      8231,
      1.8442572
    ],
    "spartanshields:nickel_tower_shield": [
      8021,
      2.1195521
    ],
    "spartanshields:obsidian_basic_shield": [
      5871,
      7.422126
    ],
    "spartanshields:obsidian_tower_shield": [
      5071,
      9.088633
    ],
    "spartanshields:osmium_basic_shield": [
      7571,
      3.7656157
    ],
    "spartanshields:platinum_basic_shield": [
      5999,
      7.1556616
    ],
    "spartanshields:platinum_tower_shield": [
      5231,
      8.754974
    ],
    "spartanshields:refined_glowstone_basic_shield": [
      8171,
      1.9226934
    ],
    "spartanshields:refined_obsidian_basic_shield": [
      1571,
      16.46283
    ],
    "spartanshields:signalum_basic_shield": [
      4975,
      9.288947
    ],
    "spartanshields:signalum_tower_shield": [
      3951,
      11.432186
    ],
    "spartanshields:silver_basic_shield": [
      8639,
      1.3155895
    ],
    "spartanshields:silver_tower_shield": [
      8531,
      1.4547591
    ],
    "spartanshields:steel_basic_shield": [
      7471,
      4.012047
    ],
    "spartanshields:steel_tower_shield": [
      7071,
      4.9045377
    ],
    "spartanshields:stone_basic_shield": [
      8611,
      1.3516226
    ],
    "spartanshields:stone_tower_shield": [
      8497,
      1.4986807
    ],
    "spartanshields:terrasteel_basic_shield": [
      3231,
      12.946875
    ],
    "spartanshields:terrasteel_tower_shield": [
      1771,
      16.037548
    ],
    "spartanshields:tin_basic_shield": [
      8431,
      1.5840985
    ],
    "spartanshields:tin_tower_shield": [
      8271,
      1.792066
    ],
    "spartanshields:ultimate_mekanists_basic_shield": [
      9071,
      0.75949734
    ],
    "spartanshields:ultimate_mekanists_tower_shield": [
      9071,
      0.75949734
    ],
    "spartanshields:wooden_basic_shield": [
      8863,
      1.0281295
    ],
    "spartanshields:wooden_tower_shield": [
      8811,
      1.0947976
    ],
    "twilightforest:knightmetal_shield": [
      7023,
      5.0075016
    ],
    "undergarden:cloggrum_shield": [
      7727,
      3.2997048
    ]
  },
  "FEET": {
    "alexsmobs:flying_fish_boots": [
      3569,
      0.014099999
    ],
    "alexsmobs:roadrunner_boots": [
      3007,
      0.6972618
    ],
    "aquaculture:neptunium_boots": [
      1791,
      2.2764862
    ],
    "dark_souls_expansion:elite_knight_set_boots": [
      786,
      5.2758665
    ],
    "dark_souls_expansion:faraam_set_boots": [
      11,
      6.8995237
    ],
    "dark_souls_expansion:pyromancer_set_boots": [
      2522,
      1.3233083
    ],
    "dark_souls_expansion:solaire_set_boots": [
      1223,
      4.328094
    ],
    "dark_souls_expansion:thief_set_boots": [
      2334,
      1.5659617
    ],
    "deeperdarker:resonarium_boots": [
      2154,
      1.7998894
    ],
    "deeperdarker:warden_boots": [
      869,
      5.0993676
    ],
    "dreadsteel:dreadsteel_boots": [
      2885,
      0.8570921
    ],
    "finsandtails:fwinged_boots": [
      3475,
      0.0235
    ],
    "good_nights_sleep:candy_boots": [
      3492,
      0.0218
    ],
    "good_nights_sleep:negatite_boots": [
      1799,
      2.2659154
    ],
    "good_nights_sleep:positite_boots": [
      1713,
      2.3797028
    ],
    "good_nights_sleep:spectrite_boots": [
      2586,
      1.2410444
    ],
    "good_nights_sleep:zitrite_boots": [
      2566,
      1.2667363
    ],
    "majruszsdifficulty:enderium_boots": [
      1279,
      4.200942
    ],
    "majruszsdifficulty:tattered_boots": [
      3404,
      0.030599998
    ],
    "minecraft:chainmail_boots": [
      3118,
      0.540316
    ],
    "minecraft:diamond_boots": [
      2202,
      1.7373508
    ],
    "minecraft:golden_boots": [
      3184,
      0.4136078
    ],
    "minecraft:iron_boots": [
      2870,
      0.8764657
    ],
    "minecraft:leather_boots": [
      3466,
      0.0244
    ],
    "minecraft:netherite_boots": [
      2075,
      1.9030677
    ],
    "mowziesmobs:geomancer_sandals": [
      2278,
      1.6385665
    ],
    "pickletweaks:emerald_boots": [
      1887,
      2.1498325
    ],
    "pickletweaks:flint_boots": [
      2986,
      0.72521746
    ],
    "rats:ratlantis_boots": [
      1,
      6.920353
    ],
    "scuba_gear:scuba_boots": [
      2870,
      0.8764657
    ],
    "stalwart_dungeons:chorundum_armor_boots": [
      730,
      5.394444
    ],
    "stalwart_dungeons:tungsten_boots": [
      1258,
      4.248896
    ],
    "stalwart_dungeons:warted_tungsten_boots": [
      1258,
      4.248896
    ],
    "tropicraft:fire_boots": [
      2828,
      0.9305621
    ],
    "tropicraft:pink_scuba_flippers": [
      3705,
      4.9999997E-4
    ],
    "tropicraft:scale_boots": [
      2756,
      1.0229998
    ],
    "tropicraft:yellow_scuba_flippers": [
      3705,
      4.9999997E-4
    ],
    "twilightforest:arctic_boots": [
      2572,
      1.2590272
    ],
    "twilightforest:fiery_boots": [
      1180,
      4.4243336
    ],
    "twilightforest:ironwood_boots": [
      2471,
      1.3889769
    ],
    "twilightforest:knightmetal_boots": [
      1930,
      2.0932417
    ],
    "twilightforest:steeleaf_boots": [
      1995,
      2.0078652
    ],
    "twilightforest:yeti_boots": [
      1882,
      2.1564183
    ],
    "undergarden:cloggrum_boots": [
      2736,
      1.0486451
    ],
    "undergarden:froststeel_boots": [
      2093,
      1.8795317
    ],
    "undergarden:utherium_boots": [
      1822,
      2.235541
    ]
  },
  "LEGS": {
    "alexsmobs:centipede_leggings": [
      1457,
      3.9059477
    ],
    "alexsmobs:emu_leggings": [
      2692,
      1.173019
    ],
    "aquaculture:neptunium_leggings": [
      1844,
      2.2764862
    ],
    "dark_souls_expansion:elite_knight_set_leggings": [
      839,
      5.2758665
    ],
    "dark_souls_expansion:faraam_set_leggings": [
      64,
      6.8995237
    ],
    "dark_souls_expansion:pyromancer_set_leggings": [
      2575,
      1.3233083
    ],
    "dark_souls_expansion:solaire_set_leggings": [
      1276,
      4.328094
    ],
    "dark_souls_expansion:thief_set_leggings": [
      2387,
      1.5659617
    ],
    "deeperdarker:resonarium_leggings": [
      2207,
      1.7998894
    ],
    "deeperdarker:warden_leggings": [
      922,
      5.0993676
    ],
    "dreadsteel:dreadsteel_leggings": [
      2938,
      0.8570921
    ],
    "good_nights_sleep:candy_leggings": [
      3545,
      0.0218
    ],
    "good_nights_sleep:negatite_leggings": [
      1852,
      2.2659154
    ],
    "good_nights_sleep:positite_leggings": [
      1766,
      2.3797028
    ],
    "good_nights_sleep:spectrite_leggings": [
      2639,
      1.2410444
    ],
    "good_nights_sleep:zitrite_leggings": [
      2619,
      1.2667363
    ],
    "majruszsdifficulty:enderium_leggings": [
      1332,
      4.200942
    ],
    "majruszsdifficulty:tattered_leggings": [
      3457,
      0.030599998
    ],
    "minecraft:chainmail_leggings": [
      3171,
      0.540316
    ],
    "minecraft:diamond_leggings": [
      2255,
      1.7373508
    ],
    "minecraft:golden_leggings": [
      3237,
      0.4136078
    ],
    "minecraft:iron_leggings": [
      2923,
      0.8764657
    ],
    "minecraft:leather_leggings": [
      3519,
      0.0244
    ],
    "minecraft:netherite_leggings": [
      2128,
      1.9030677
    ],
    "mowziesmobs:geomancer_belt": [
      2331,
      1.6385665
    ],
    "pickletweaks:emerald_leggings": [
      1910,
      2.1893656
    ],
    "pickletweaks:flint_leggings": [
      3022,
      0.74766654
    ],
    "rats:ratlantis_leggings": [
      54,
      6.920353
    ],
    "scuba_gear:scuba_leggings": [
      2923,
      0.8764657
    ],
    "stalwart_dungeons:chorundum_armor_leggings": [
      783,
      5.394444
    ],
    "stalwart_dungeons:tungsten_leggings": [
      1311,
      4.248896
    ],
    "stalwart_dungeons:warted_tungsten_leggings": [
      1311,
      4.248896
    ],
    "tropicraft:fire_leggings": [
      2902,
      0.9035375
    ],
    "tropicraft:scale_leggings": [
      2810,
      1.0217173
    ],
    "twilightforest:arctic_leggings": [
      2625,
      1.2590272
    ],
    "twilightforest:fiery_leggings": [
      1233,
      4.4243336
    ],
    "twilightforest:ironwood_leggings": [
      2524,
      1.3889769
    ],
    "twilightforest:knightmetal_leggings": [
      1983,
      2.0932417
    ],
    "twilightforest:naga_leggings": [
      2245,
      1.7503701
    ],
    "twilightforest:steeleaf_leggings": [
      2048,
      2.0078652
    ],
    "twilightforest:yeti_leggings": [
      1935,
      2.1564183
    ],
    "undergarden:ancient_leggings": [
      2720,
      1.1371077
    ],
    "undergarden:cloggrum_leggings": [
      2789,
      1.0486451
    ],
    "undergarden:froststeel_leggings": [
      2146,
      1.8795317
    ],
    "undergarden:utherium_leggings": [
      1875,
      2.235541
    ]
  },
  "CHEST": {
    "alexsmobs:crocodile_chestplate": [
      2428,
      1.4444326
    ],
    "alexsmobs:rocky_chestplate": [
      2507,
      1.3426114
    ],
    "alexsmobs:tarantula_hawk_elytra": [
      2855,
      0.89580816
    ],
    "alexsmobs:unsettling_kimono": [
      3078,
      0.59963983
    ],
    "aquaculture:neptunium_chestplate": [
      1791,
      2.2764862
    ],
    "dark_souls_expansion:elite_knight_set_chestplate": [
      786,
      5.2758665
    ],
    "dark_souls_expansion:faraam_set_chestplate": [
      11,
      6.8995237
    ],
    "dark_souls_expansion:hollow_soldier_set_chestplate": [
      2156,
      1.7972815
    ],
    "dark_souls_expansion:pyromancer_set_chestplate": [
      2522,
      1.3233083
    ],
    "dark_souls_expansion:solaire_set_chestplate": [
      1223,
      4.328094
    ],
    "dark_souls_expansion:thief_set_chestplate": [
      2334,
      1.5659617
    ],
    "deeperdarker:resonarium_chestplate": [
      2154,
      1.7998894
    ],
    "deeperdarker:warden_chestplate": [
      869,
      5.0993676
    ],
    "dreadsteel:dreadsteel_chestplate": [
      2885,
      0.8570921
    ],
    "finsandtails:armored_gopjet_jetpack": [
      2700,
      1.0947976
    ],
    "finsandtails:gem_crab_amulet": [
      3521,
      0.0189
    ],
    "finsandtails:gopjet_jetpack": [
      3649,
      0.0061
    ],
    "finsandtails:spindly_amber_charm": [
      3489,
      0.0221
    ],
    "finsandtails:spindly_emerald_charm": [
      3489,
      0.0221
    ],
    "finsandtails:spindly_pearl_charm": [
      3489,
      0.0221
    ],
    "finsandtails:spindly_ruby_charm": [
      3489,
      0.0221
    ],
    "finsandtails:spindly_sapphire_charm": [
      3489,
      0.0221
    ],
    "good_nights_sleep:candy_chestplate": [
      3492,
      0.0218
    ],
    "good_nights_sleep:negatite_chestplate": [
      1799,
      2.2659154
    ],
    "good_nights_sleep:positite_chestplate": [
      1713,
      2.3797028
    ],
    "good_nights_sleep:spectrite_chestplate": [
      2586,
      1.2410444
    ],
    "good_nights_sleep:zitrite_chestplate": [
      2566,
      1.2667363
    ],
    "majruszsdifficulty:enderium_chestplate": [
      1279,
      4.200942
    ],
    "majruszsdifficulty:tattered_chestplate": [
      3404,
      0.030599998
    ],
    "minecraft:chainmail_chestplate": [
      3118,
      0.540316
    ],
    "minecraft:diamond_chestplate": [
      2202,
      1.7373508
    ],
    "minecraft:golden_chestplate": [
      3184,
      0.4136078
    ],
    "minecraft:iron_chestplate": [
      2870,
      0.8764657
    ],
    "minecraft:leather_chestplate": [
      3466,
      0.0244
    ],
    "minecraft:netherite_chestplate": [
      2075,
      1.9030677
    ],
    "mowziesmobs:geomancer_robe": [
      2278,
      1.6385665
    ],
    "pickletweaks:emerald_chestplate": [
      1857,
      2.1893656
    ],
    "pickletweaks:flint_chestplate": [
      2969,
      0.74766654
    ],
    "quark:backpack": [
      3466,
      0.0244
    ],
    "rats:ratlantis_chestplate": [
      1,
      6.920353
    ],
    "scuba_gear:scuba_chestplate": [
      2870,
      0.8764657
    ],
    "stalwart_dungeons:chorundum_armor_chestplate": [
      730,
      5.394444
    ],
    "stalwart_dungeons:tungsten_chestplate": [
      1258,
      4.248896
    ],
    "stalwart_dungeons:warted_tungsten_chestplate": [
      1258,
      4.248896
    ],
    "tropicraft:fire_chestplate": [
      2858,
      0.89194185
    ],
    "tropicraft:pink_scuba_harness": [
      3706,
      4.0E-4
    ],
    "tropicraft:scale_chestplate": [
      2758,
      1.0204347
    ],
    "tropicraft:yellow_scuba_harness": [
      3706,
      4.0E-4
    ],
    "twilightforest:arctic_chestplate": [
      2572,
      1.2590272
    ],
    "twilightforest:fiery_chestplate": [
      1180,
      4.4243336
    ],
    "twilightforest:ironwood_chestplate": [
      2471,
      1.3889769
    ],
    "twilightforest:knightmetal_chestplate": [
      1930,
      2.0932417
    ],
    "twilightforest:naga_chestplate": [
      2192,
      1.7503701
    ],
    "twilightforest:phantom_chestplate": [
      1853,
      2.1946402
    ],
    "twilightforest:steeleaf_chestplate": [
      1995,
      2.0078652
    ],
    "twilightforest:yeti_chestplate": [
      1882,
      2.1564183
    ],
    "undergarden:ancient_chestplate": [
      2667,
      1.1371077
    ],
    "undergarden:cloggrum_chestplate": [
      2736,
      1.0486451
    ],
    "undergarden:froststeel_chestplate": [
      2093,
      1.8795317
    ],
    "undergarden:masticated_chestplate": [
      1262,
      4.239789
    ],
    "undergarden:utherium_chestplate": [
      1822,
      2.235541
    ]
  },
  "HEAD": {
    "alexsmobs:fedora": [
      3271,
      0.043899998
    ],
    "alexsmobs:frontier_cap": [
      2965,
      0.75292885
    ],
    "alexsmobs:froststalker_helmet": [
      3058,
      0.62781405
    ],
    "alexsmobs:moose_headgear": [
      2956,
      0.7647448
    ],
    "alexsmobs:novelty_hat": [
      3271,
      0.043899998
    ],
    "alexsmobs:sombrero": [
      3242,
      0.0468
    ],
    "alexsmobs:spiked_turtle_shell": [
      2706,
      1.0871058
    ],
    "aquaculture:neptunium_helmet": [
      1791,
      2.2764862
    ],
    "dark_souls_expansion:elite_knight_set_helmet": [
      786,
      5.2758665
    ],
    "dark_souls_expansion:faraam_set_helmet": [
      11,
      6.8995237
    ],
    "dark_souls_expansion:hollow_soldier_set_helmet": [
      2156,
      1.7972815
    ],
    "dark_souls_expansion:mimic_head_helmet": [
      2850,
      0.90224946
    ],
    "dark_souls_expansion:pyromancer_set_helmet": [
      2522,
      1.3233083
    ],
    "dark_souls_expansion:solaire_set_helmet": [
      1223,
      4.328094
    ],
    "dark_souls_expansion:thief_set_helmet": [
      2334,
      1.5659617
    ],
    "deeperdarker:resonarium_helmet": [
      2154,
      1.7998894
    ],
    "deeperdarker:warden_helmet": [
      869,
      5.0993676
    ],
    "dreadsteel:dreadsteel_helmet": [
      2885,
      0.8570921
    ],
    "good_nights_sleep:candy_helmet": [
      3492,
      0.0218
    ],
    "good_nights_sleep:negatite_helmet": [
      1799,
      2.2659154
    ],
    "good_nights_sleep:positite_helmet": [
      1713,
      2.3797028
    ],
    "good_nights_sleep:spectrite_helmet": [
      2586,
      1.2410444
    ],
    "good_nights_sleep:zitrite_helmet": [
      2566,
      1.2667363
    ],
    "majruszsdifficulty:enderium_helmet": [
      1279,
      4.200942
    ],
    "majruszsdifficulty:tattered_helmet": [
      3404,
      0.030599998
    ],
    "minecraft:chainmail_helmet": [
      3118,
      0.540316
    ],
    "minecraft:diamond_helmet": [
      2202,
      1.7373508
    ],
    "minecraft:golden_helmet": [
      3184,
      0.4136078
    ],
    "minecraft:iron_helmet": [
      2870,
      0.8764657
    ],
    "minecraft:leather_helmet": [
      3466,
      0.0244
    ],
    "minecraft:netherite_helmet": [
      2075,
      1.9030677
    ],
    "minecraft:turtle_helmet": [
      2814,
      0.948558
    ],
    "mowziesmobs:geomancer_beads": [
      2278,
      1.6385665
    ],
    "mowziesmobs:sol_visage": [
      3280,
      0.042999998
    ],
    "mowziesmobs:umvuthana_mask_bliss": [
      3554,
      0.015599999
    ],
    "mowziesmobs:umvuthana_mask_faith": [
      3554,
      0.015599999
    ],
    "mowziesmobs:umvuthana_mask_fear": [
      3554,
      0.015599999
    ],
    "mowziesmobs:umvuthana_mask_fury": [
      3554,
      0.015599999
    ],
    "mowziesmobs:umvuthana_mask_misery": [
      3554,
      0.015599999
    ],
    "mowziesmobs:umvuthana_mask_rage": [
      3554,
      0.015599999
    ],
    "mowziesmobs:wrought_helmet": [
      3284,
      0.0426
    ],
    "pickletweaks:emerald_helmet": [
      1823,
      2.2342207
    ],
    "pickletweaks:flint_helmet": [
      2950,
      0.7726047
    ],
    "pickletweaks:night_vision_goggles": [
      2641,
      1.1704534
    ],
    "pickletweaks:reinforced_night_vision_goggles": [
      2261,
      1.6606379
    ],
    "quark:forgotten_hat": [
      3466,
      0.0244
    ],
    "rats:archeologist_hat": [
      2446,
      1.4212085
    ],
    "rats:aviator_hat": [
      2446,
      1.4212085
    ],
    "rats:black_death_mask": [
      3316,
      0.039399996
    ],
    "rats:chef_toque": [
      2871,
      0.8751751
    ],
    "rats:exterminator_hat": [
      2446,
      1.4212085
    ],
    "rats:farmer_hat": [
      2871,
      0.8751751
    ],
    "rats:fisherman_hat": [
      2446,
      1.4212085
    ],
    "rats:ghost_pirat_hat": [
      2871,
      0.8751751
    ],
    "rats:halo_hat": [
      2871,
      0.8751751
    ],
    "rats:military_hat": [
      2446,
      1.4212085
    ],
    "rats:piper_hat": [
      3360,
      0.035
    ],
    "rats:pirat_hat": [
      2446,
      1.4212085
    ],
    "rats:plague_doctor_mask": [
      3316,
      0.039399996
    ],
    "rats:rat_fez": [
      2446,
      1.4212085
    ],
    "rats:rat_king_crown": [
      2871,
      0.8751751
    ],
    "rats:ratlantis_helmet": [
      1,
      6.920353
    ],
    "rats:santa_hat": [
      2871,
      0.8751751
    ],
    "rats:top_hat": [
      2871,
      0.8751751
    ],
    "scuba_gear:scuba_helmet": [
      2870,
      0.8764657
    ],
    "stalwart_dungeons:chorundum_armor_helmet": [
      730,
      5.394444
    ],
    "stalwart_dungeons:tungsten_helmet": [
      1258,
      4.248896
    ],
    "stalwart_dungeons:warted_tungsten_helmet": [
      1258,
      4.248896
    ],
    "tropicraft:ashen_mask_bat_boy": [
      3625,
      0.0084999995
    ],
    "tropicraft:ashen_mask_enigma": [
      3625,
      0.0084999995
    ],
    "tropicraft:ashen_mask_headinator": [
      3625,
      0.0084999995
    ],
    "tropicraft:ashen_mask_horn_monkey": [
      3625,
      0.0084999995
    ],
    "tropicraft:ashen_mask_invader": [
      3625,
      0.0084999995
    ],
    "tropicraft:ashen_mask_mojo": [
      3625,
      0.0084999995
    ],
    "tropicraft:ashen_mask_oblongatron": [
      3625,
      0.0084999995
    ],
    "tropicraft:ashen_mask_screw_attack": [
      3625,
      0.0084999995
    ],
    "tropicraft:ashen_mask_square_horn": [
      3625,
      0.0084999995
    ],
    "tropicraft:ashen_mask_square_zord": [
      3625,
      0.0084999995
    ],
    "tropicraft:ashen_mask_the_brain": [
      3625,
      0.0084999995
    ],
    "tropicraft:ashen_mask_the_heart": [
      3625,
      0.0084999995
    ],
    "tropicraft:ashen_mask_warthog": [
      3625,
      0.0084999995
    ],
    "tropicraft:fire_helmet": [
      2799,
      0.96782476
    ],
    "tropicraft:nigel_stache": [
      3625,
      0.0084999995
    ],
    "tropicraft:pink_scuba_goggles": [
      3704,
      5.9999997E-4
    ],
    "tropicraft:scale_helmet": [
      2754,
      1.0255646
    ],
    "tropicraft:yellow_scuba_goggles": [
      3704,
      5.9999997E-4
    ],
    "twilightforest:arctic_helmet": [
      2572,
      1.2590272
    ],
    "twilightforest:fiery_helmet": [
      1180,
      4.4243336
    ],
    "twilightforest:ironwood_helmet": [
      2471,
      1.3889769
    ],
    "twilightforest:knightmetal_helmet": [
      1930,
      2.0932417
    ],
    "twilightforest:phantom_helmet": [
      1853,
      2.1946402
    ],
    "twilightforest:steeleaf_helmet": [
      1995,
      2.0078652
    ],
    "twilightforest:yeti_helmet": [
      1882,
      2.1564183
    ],
    "undergarden:ancient_helmet": [
      2667,
      1.1371077
    ],
    "undergarden:cloggrum_helmet": [
      2736,
      1.0486451
    ],
    "undergarden:froststeel_helmet": [
      2093,
      1.8795317
    ],
    "undergarden:utherium_helmet": [
      1822,
      2.235541
    ]
  }
}