{
  "default_spawner_range": 52,
  "default_spawner_range_enabled": 0,
  "disable_count": 0,
  "disable_egg_removal_from_spawner": 0,
  "disable_range": 0,
  "disable_silk_touch": 0,
  "disable_spawner_config": 0,
  "disable_speed": 0,
  "display_item_id_from_right_click_in_log": 0,
  "limited_spawns_amount": 32,
  "limited_spawns_enabled": 0,
  "monster_egg_drop_chance": 4,
  "monster_egg_only_drop_when_killed_by_player": 0,
  "spawner_hardness": 5,
  "item_id_blacklist": [],
  "disable_specific_egg_drops": {
    "alexsmobs:spa": 0,
    "alexsmobs:spaw": 0,
    "alexsmobs:spawn": 0,
    "alexsmobs:spawn_": 0,
    "alexsmobs:spawn_e": 0,
    "alexsmobs:spawn_eg": 0,
    "alexsmobs:spawn_egg": 0,
    "alexsmobs:spawn_egg_": 0,
    "alexsmobs:spawn_egg_alligator_snapp": 0,
    "alexsmobs:spawn_egg_b": 0,
    "alexsmobs:spawn_egg_bo": 0,
    "alexsmobs:spawn_egg_cach": 0,
    "alexsmobs:spawn_egg_capuc": 0,
    "alexsmobs:spawn_egg_crimso": 0,
    "alexsmobs:spawn_egg_devils_ho": 0,
    "alexsmobs:spawn_egg_en": 0,
    "alexsmobs:spawn_egg_f": 0,
    "alexsmobs:spawn_egg_fr": 0,
    "alexsmobs:spawn_egg_fri": 0,
    "alexsmobs:spawn_egg_g": 0,
    "alexsmobs:spawn_egg_gel": 0,
    "alexsmobs:spawn_egg_gr": 0,
    "alexsmobs:spawn_egg_h": 0,
    "alexsmobs:spawn_egg_hammer": 0,
    "alexsmobs:spawn_egg_kom": 0,
    "alexsmobs:spawn_egg_leaf": 0,
    "alexsmobs:spawn_egg_man": 0,
    "alexsmobs:spawn_egg_mim": 0,
    "alexsmobs:spawn_egg_r": 0,
    "alexsmobs:spawn_egg_ro": 0,
    "alexsmobs:spawn_egg_sn": 0,
    "alexsmobs:spawn_egg_so": 0,
    "alexsmobs:spawn_egg_su": 0,
    "alexsmobs:spawn_egg_tara": 0,
    "alexsmobs:spawn_egg_tasma": 0,
    "alexsmobs:spawn_egg_w": 0,
    "alexsmobs:spawn_egg_wa": 0,
    "aquaculture:arrau_turtle": 0,
    "aquaculture:box_turtle": 0,
    "aquaculture:starshell_turtle": 0,
    "artifacts:mimic": 0,
    "betterdefaultbiomes:camel": 0,
    "betterdefaultbiomes:desert_bandit": 0,
    "betterdefaultbiomes:desert_bandit_arbalist": 0,
    "betterdefaultbiomes:desert_bandit_archer": 0,
    "betterdefaultbiomes:desert_bandit_master": 0,
    "betterdefaultbiomes:duck": 0,
    "betterdefaultbiomes:frog": 0,
    "betterdefaultbiomes:frozen_zombie": 0,
    "betterdefaultbiomes:head_hunter": 0,
    "betterdefaultbiomes:hunter": 0,
    "betterdefaultbiomes:jungle_creeper": 0,
    "betterdefaultbiomes:lost_miner": 0,
    "betterdefaultbiomes:muddy_pig": 0,
    "betterdefaultbiomes:zebra": 0,
    "biomeswevegone:man_o_war": 0,
    "biomeswevegone:oddion": 0,
    "biomeswevegone:pumpkin_warden": 0,
    "creeperoverhaul:badlands_creeper": 0,
    "creeperoverhaul:bamboo_creeper": 0,
    "creeperoverhaul:beach_creeper": 0,
    "creeperoverhaul:cave_creeper": 0,
    "creeperoverhaul:dark_oak_creeper": 0,
    "creeperoverhaul:desert_creeper": 0,
    "creeperoverhaul:dripstone_creeper": 0,
    "creeperoverhaul:hills_creeper": 0,
    "creeperoverhaul:jungle_creeper": 0,
    "creeperoverhaul:mushroom_creeper": 0,
    "creeperoverhaul:ocean_creeper": 0,
    "creeperoverhaul:savannah_creeper": 0,
    "creeperoverhaul:snowy_creeper": 0,
    "creeperoverhaul:spruce_creeper": 0,
    "creeperoverhaul:swamp_creeper": 0,
    "dark_souls_expansion:armed_skeleton": 0,
    "dark_souls_expansion:asylum_demon": 0,
    "dark_souls_expansion:black_knight": 0,
    "dark_souls_expansion:man_serpent": 0,
    "dark_souls_expansion:mimic_chest": 0,
    "dark_souls_expansion:mushroom_people_brown": 0,
    "dark_souls_expansion:mushroom_people_red": 0,
    "dark_souls_expansion:pyromancer_villager": 0,
    "dark_souls_expansion:undead_assasin": 0,
    "dark_souls_expansion:undead_base": 0,
    "dark_souls_expansion:undead_soldier": 0,
    "deeperdarker:angler_fish": 0,
    "deeperdarker:sculk_centipede": 0,
    "deeperdarker:sculk_leech": 0,
    "deeperdarker:sculk_snapper": 0,
    "deeperdarker:shattered": 0,
    "deeperdarker:shriek_worm": 0,
    "deeperdarker:sludge": 0,
    "deeperdarker:stalker": 0,
    "finsandtails:banded_redback_shrimp": 0,
    "finsandtails:blu_wee": 0,
    "finsandtails:crowned_horatee": 0,
    "finsandtails:flatback_leaf_snail": 0,
    "finsandtails:flatback_sucker": 0,
    "finsandtails:golden_river_ray": 0,
    "finsandtails:gopjet": 0,
    "finsandtails:high_finned_blue": 0,
    "finsandtails:mudhorse": 0,
    "finsandtails:night_light_squid": 0,
    "finsandtails:ornate_bugfish": 0,
    "finsandtails:papa_wee": 0,
    "finsandtails:pea_wee": 0,
    "finsandtails:penglil": 0,
    "finsandtails:phantom_nudibranch": 0,
    "finsandtails:red_bull_crab": 0,
    "finsandtails:river_pebble_snail": 0,
    "finsandtails:rubber_belly_glider": 0,
    "finsandtails:siderol_whiskered_snail": 0,
    "finsandtails:spindly_gem_crab": 0,
    "finsandtails:swamp_mucker": 0,
    "finsandtails:teal_arrowfish": 0,
    "finsandtails:vibra_wee": 0,
    "finsandtails:wee_wee": 0,
    "finsandtails:wherble": 0,
    "finsandtails:white_bull_crab": 0,
    "good_nights_sleep:baby_creeper": 0,
    "good_nights_sleep:herobrine": 0,
    "good_nights_sleep:tormenter": 0,
    "good_nights_sleep:unicorn": 0,
    "guardvillagers:guard": 0,
    "guardvillagers:illusioner": 0,
    "humancompanions:arbalist": 0,
    "humancompanions:archer": 0,
    "humancompanions:axeguard": 0,
    "humancompanions:knight": 0,
    "majruszsdifficulty:cerberus": 0,
    "majruszsdifficulty:creeperling": 0,
    "majruszsdifficulty:cursed_armor": 0,
    "majruszsdifficulty:giant": 0,
    "majruszsdifficulty:illusioner": 0,
    "majruszsdifficulty:tank": 0,
    "meetyourfight:bellringer": 0,
    "meetyourfight:dame_fortuna": 0,
    "meetyourfight:rosalyne": 0,
    "meetyourfight:swampjaw": 0,
    "minecraft:allay": 0,
    "minecraft:axolotl": 0,
    "minecraft:bat": 0,
    "minecraft:bee": 0,
    "minecraft:blaze": 0,
    "minecraft:camel": 0,
    "minecraft:cat": 0,
    "minecraft:cave_spider": 0,
    "minecraft:chicken": 0,
    "minecraft:cod": 0,
    "minecraft:cow": 0,
    "minecraft:creeper": 0,
    "minecraft:dolphin": 0,
    "minecraft:donkey": 0,
    "minecraft:drowned": 0,
    "minecraft:elder_guardian": 0,
    "minecraft:ender_dragon": 0,
    "minecraft:enderman": 0,
    "minecraft:endermite": 0,
    "minecraft:evoker": 0,
    "minecraft:fox": 0,
    "minecraft:frog": 0,
    "minecraft:ghast": 0,
    "minecraft:glow_squid": 0,
    "minecraft:goat": 0,
    "minecraft:guardian": 0,
    "minecraft:hoglin": 0,
    "minecraft:horse": 0,
    "minecraft:husk": 0,
    "minecraft:iron_golem": 0,
    "minecraft:llama": 0,
    "minecraft:magma_cube": 0,
    "minecraft:mooshroom": 0,
    "minecraft:mule": 0,
    "minecraft:ocelot": 0,
    "minecraft:panda": 0,
    "minecraft:parrot": 0,
    "minecraft:phantom": 0,
    "minecraft:pig": 0,
    "minecraft:piglin": 0,
    "minecraft:piglin_brute": 0,
    "minecraft:pillager": 0,
    "minecraft:polar_bear": 0,
    "minecraft:pufferfish": 0,
    "minecraft:rabbit": 0,
    "minecraft:ravager": 0,
    "minecraft:salmon": 0,
    "minecraft:sheep": 0,
    "minecraft:shulker": 0,
    "minecraft:silverfish": 0,
    "minecraft:skeleton": 0,
    "minecraft:skeleton_horse": 0,
    "minecraft:slime": 0,
    "minecraft:sniffer": 0,
    "minecraft:snow_golem": 0,
    "minecraft:spider": 0,
    "minecraft:squid": 0,
    "minecraft:stray": 0,
    "minecraft:strider": 0,
    "minecraft:tadpole": 0,
    "minecraft:trader_llama": 0,
    "minecraft:tropical_fish": 0,
    "minecraft:turtle": 0,
    "minecraft:vex": 0,
    "minecraft:villager": 0,
    "minecraft:vindicator": 0,
    "minecraft:wandering_trader": 0,
    "minecraft:warden": 0,
    "minecraft:witch": 0,
    "minecraft:wither": 0,
    "minecraft:wither_skeleton": 0,
    "minecraft:wolf": 0,
    "minecraft:zoglin": 0,
    "minecraft:zombie": 0,
    "minecraft:zombie_horse": 0,
    "minecraft:zombie_villager": 0,
    "minecraft:zombified_piglin": 0,
    "mowziesmobs:bluff": 0,
    "mowziesmobs:foliaath": 0,
    "mowziesmobs:frostmaw": 0,
    "mowziesmobs:grottol": 0,
    "mowziesmobs:lantern": 0,
    "mowziesmobs:naga": 0,
    "mowziesmobs:sculptor": 0,
    "mowziesmobs:umvuthana": 0,
    "mowziesmobs:umvuthana_crane": 0,
    "mowziesmobs:umvuthana_raptor": 0,
    "mowziesmobs:umvuthi": 0,
    "mowziesmobs:wroughtnaut": 0,
    "mushroomquest:brown_amanita_fungling": 0,
    "mushroomquest:crimson_fungling": 0,
    "mushroomquest:morel_fungling": 0,
    "mushroomquest:red_amanita_fungling": 0,
    "mushroomquest:warped_fungling": 0,
    "mushroomquest:wine_cap_fungling": 0,
    "mushroomquest:yellow_amanita_fungling": 0,
    "mysticrift_pharaohs_legacy:sahara_scorpion": 0,
    "mysticrift_pharaohs_legacy:saharah_mummy": 0,
    "quark:crab": 0,
    "quark:forgotten": 0,
    "quark:foxhound": 0,
    "quark:shiba": 0,
    "quark:stoneling": 0,
    "quark:toretoise": 0,
    "quark:wraith": 0,
    "rats:black_death": 0,
    "rats:demon_rat": 0,
    "rats:dutchrat": 0,
    "rats:feral_ratlantean": 0,
    "rats:ghost_pirat": 0,
    "rats:neo_ratlantean": 0,
    "rats:pied_piper": 0,
    "rats:pirat": 0,
    "rats:plague_beast": 0,
    "rats:plague_cloud": 0,
    "rats:plague_doctor": 0,
    "rats:rat": 0,
    "rats:rat_baron": 0,
    "rats:rat_king": 0,
    "rats:ratfish": 0,
    "rats:ratlantean_automaton": 0,
    "rats:ratlantean_ratbot": 0,
    "rats:ratlantean_spirit": 0,
    "stalwart_dungeons:awful_ghast": 0,
    "stalwart_dungeons:giddy_blaze": 0,
    "stalwart_dungeons:incomplete_wither": 0,
    "stalwart_dungeons:nether_keeper": 0,
    "stalwart_dungeons:propulk": 0,
    "stalwart_dungeons:reinforced_blaze": 0,
    "stalwart_dungeons:shelterer": 0,
    "takesapillage:archer": 0,
    "takesapillage:legioner": 0,
    "takesapillage:skirmisher": 0,
    "tropicraft:ashen": 0,
    "tropicraft:brown_basilisk_lizard": 0,
    "tropicraft:cowktail": 0,
    "tropicraft:cubera": 0,
    "tropicraft:dolphin": 0,
    "tropicraft:eagle_ray": 0,
    "tropicraft:eih": 0,
    "tropicraft:failgull": 0,
    "tropicraft:fiddler_crab": 0,
    "tropicraft:green_basilisk_lizard": 0,
    "tropicraft:hammerhead": 0,
    "tropicraft:hummingbird": 0,
    "tropicraft:iguana": 0,
    "tropicraft:jaguar": 0,
    "tropicraft:koa": 0,
    "tropicraft:man_o_war": 0,
    "tropicraft:marlin": 0,
    "tropicraft:piranha": 0,
    "tropicraft:sardine": 0,
    "tropicraft:sea_turtle": 0,
    "tropicraft:sea_urchin": 0,
    "tropicraft:seahorse": 0,
    "tropicraft:spider_monkey": 0,
    "tropicraft:tapir": 0,
    "tropicraft:tree_frog": 0,
    "tropicraft:tropi_spider": 0,
    "tropicraft:tropibee": 0,
    "tropicraft:tropical_fish": 0,
    "tropicraft:tropicreeper": 0,
    "tropicraft:tropiskelly": 0,
    "tropicraft:v_monkey": 0,
    "tropicraft:white_lipped_peccary": 0,
    "twilightforest:adherent": 0,
    "twilightforest:alpha_yeti": 0,
    "twilightforest:armored_giant": 0,
    "twilightforest:bighorn_sheep": 0,
    "twilightforest:blockchain_goblin": 0,
    "twilightforest:boar": 0,
    "twilightforest:carminite_broodling": 0,
    "twilightforest:carminite_ghastguard": 0,
    "twilightforest:carminite_ghastling": 0,
    "twilightforest:carminite_golem": 0,
    "twilightforest:death_tome": 0,
    "twilightforest:deer": 0,
    "twilightforest:dwarf_rabbit": 0,
    "twilightforest:fire_beetle": 0,
    "twilightforest:giant_miner": 0,
    "twilightforest:harbinger_cube": 0,
    "twilightforest:hedge_spider": 0,
    "twilightforest:helmet_crab": 0,
    "twilightforest:hostile_wolf": 0,
    "twilightforest:hydra": 0,
    "twilightforest:ice_crystal": 0,
    "twilightforest:king_spider": 0,
    "twilightforest:knight_phantom": 0,
    "twilightforest:kobold": 0,
    "twilightforest:lich": 0,
    "twilightforest:lower_goblin_knight": 0,
    "twilightforest:maze_slime": 0,
    "twilightforest:minoshroom": 0,
    "twilightforest:minotaur": 0,
    "twilightforest:mist_wolf": 0,
    "twilightforest:mosquito_swarm": 0,
    "twilightforest:naga": 0,
    "twilightforest:penguin": 0,
    "twilightforest:pinch_beetle": 0,
    "twilightforest:quest_ram": 0,
    "twilightforest:raven": 0,
    "twilightforest:redcap": 0,
    "twilightforest:redcap_sapper": 0,
    "twilightforest:skeleton_druid": 0,
    "twilightforest:slime_beetle": 0,
    "twilightforest:snow_guardian": 0,
    "twilightforest:snow_queen": 0,
    "twilightforest:squirrel": 0,
    "twilightforest:stable_ice_core": 0,
    "twilightforest:swarm_spider": 0,
    "twilightforest:tiny_bird": 0,
    "twilightforest:towerwood_borer": 0,
    "twilightforest:troll": 0,
    "twilightforest:unstable_ice_core": 0,
    "twilightforest:ur_ghast": 0,
    "twilightforest:winter_wolf": 0,
    "twilightforest:wraith": 0,
    "twilightforest:yeti": 0,
    "undergarden:brute": 0,
    "undergarden:dweller": 0,
    "undergarden:forgotten": 0,
    "undergarden:forgotten_guardian": 0,
    "undergarden:gloomper": 0,
    "undergarden:gwib": 0,
    "undergarden:gwibling": 0,
    "undergarden:mog": 0,
    "undergarden:muncher": 0,
    "undergarden:nargoyle": 0,
    "undergarden:rotbeast": 0,
    "undergarden:rotling": 0,
    "undergarden:rotwalker": 0,
    "undergarden:scintling": 0,
    "undergarden:smog_mog": 0,
    "undergarden:sploogie": 0,
    "undergarden:stoneborn": 0,
    "workshopsofdoom:excavator": 0,
    "yungscavebiomes:ice_cube": 0,
    "yungscavebiomes:sand_snapper": 0
  }
}