{
  "skillLocks": {
    "minecraft:iron_sword": ["attack:5"],
    "minecraft:iron_shovel": ["gathering:5"],
    "minecraft:iron_pickaxe": ["mining:5"],
    "minecraft:iron_axe": ["gathering:5"],
    "minecraft:iron_hoe": ["farming:5"],
    "minecraft:iron_helmet": ["defense:5"],
    "minecraft:iron_chestplate": ["defense:5"],
    "minecraft:iron_leggings": ["defense:5"],
    "minecraft:iron_boots": ["defense:5"],
    "minecraft:diamond_sword": ["attack:15"],
    "minecraft:diamond_shovel": ["gathering:15"],
    "minecraft:diamond_pickaxe": ["mining:15"],
    "minecraft:diamond_axe": ["gathering:15"],
    "minecraft:diamond_hoe": ["farming:15"],
    "minecraft:diamond_helmet": ["defense:15"],
    "minecraft:diamond_chestplate": ["defense:15"],
    "minecraft:diamond_leggings": ["defense:15"],
    "minecraft:diamond_boots": ["defense:15"],
    "minecraft:netherite_sword": ["attack:30"],
    "minecraft:netherite_shovel": ["gathering:30"],
    "minecraft:netherite_pickaxe": ["mining:30"],
    "minecraft:netherite_axe": ["gathering:30"],
    "minecraft:netherite_hoe": ["farming:30"],
    "minecraft:netherite_helmet": ["defense:30"],
    "minecraft:netherite_chestplate": ["defense:30"],
    "minecraft:netherite_leggings": ["defense:30"],
    "minecraft:netherite_boots": ["defense:30"]
  }
}
